{
  "eslint.config.mjs": 1777062544.1371343,
  "next-env.d.ts": 1777064560.2307906,
  "next.config.ts": 1777062544.2000487,
  "postcss.config.mjs": 1777062544.1525319,
  "src\\app\\layout.tsx": 1777063437.7105417,
  "src\\app\\page.tsx": 1777063830.9881198,
  "src\\app\\billing\\credit-notes\\page.tsx": 1777229903.8313913,
  "src\\app\\billing\\invoices\\page.tsx": 1777169233.8378942,
  "src\\app\\billing\\invoices\\[id]\\page.tsx": 1777229964.0342343,
  "src\\app\\billing\\service-orders\\page.tsx": 1777229882.3618524,
  "src\\app\\billing\\unbilled\\page.tsx": 1777169228.7957137,
  "src\\app\\bookings\\page.tsx": 1777229862.3714929,
  "src\\app\\bookings\\EGLV149602390729\\page.tsx": 1777276198.5155559,
  "src\\app\\bookings\\new\\page.tsx": 1777276180.1999402,
  "src\\app\\cfs\\lcl-cargo\\page.tsx": 1777169188.5175922,
  "src\\app\\cfs\\stripping\\page.tsx": 1777229693.2726998,
  "src\\app\\cfs\\stuffing\\page.tsx": 1777229681.0505614,
  "src\\app\\cfs\\tally\\page.tsx": 1777229921.8108833,
  "src\\app\\dashboard\\overview\\page.tsx": 1777113259.7169828,
  "src\\app\\gate\\eir-in\\page.tsx": 1777229912.4857624,
  "src\\app\\gate\\eir-in-v2\\page.tsx": 1777065722.5334768,
  "src\\app\\gate\\eir-out\\page.tsx": 1777229947.7686617,
  "src\\app\\masters\\page.tsx": 1777169295.3408654,
  "src\\app\\masters\\charge-codes\\page.tsx": 1777145716.0906634,
  "src\\app\\masters\\charge-codes\\new\\page.tsx": 1777276226.0424888,
  "src\\app\\masters\\charge-codes\\[code]\\page.tsx": 1777169251.6334822,
  "src\\app\\masters\\container-types\\page.tsx": 1777169218.69444,
  "src\\app\\masters\\customers\\page.tsx": 1777108459.141104,
  "src\\app\\masters\\customers\\[id]\\page.tsx": 1777116422.757628,
  "src\\app\\masters\\lines\\page.tsx": 1777108633.4537232,
  "src\\app\\masters\\locations\\page.tsx": 1777108809.882026,
  "src\\app\\masters\\lookups\\page.tsx": 1777276165.1955698,
  "src\\app\\masters\\order-types\\page.tsx": 1777169273.9877467,
  "src\\app\\masters\\order-types\\new\\page.tsx": 1777136051.4015574,
  "src\\app\\masters\\vessels\\page.tsx": 1777108671.9878252,
  "src\\app\\masters\\vessels\\schedule\\page.tsx": 1777169214.4922843,
  "src\\app\\tariff\\free-time\\page.tsx": 1777169205.0456076,
  "src\\app\\tariff\\plans\\page.tsx": 1777169209.3343437,
  "src\\app\\tariff\\rate-cards\\page.tsx": 1777109947.2730055,
  "src\\components\\layout\\AppShell.tsx": 1777190134.5164864,
  "src\\components\\ui\\BarcodeDisplay.tsx": 1777229822.5668302,
  "src\\components\\ui\\DateField.tsx": 1777276134.9045057,
  "src\\components\\ui\\EntitySearch.tsx": 1777199486.587387,
  "src\\components\\ui\\FilterPopover.tsx": 1777107406.4034777,
  "src\\components\\ui\\Icon.tsx": 1777229787.0896597,
  "src\\components\\ui\\OpsPrimitives.tsx": 1777064067.3297439,
  "AGENTS.md": 1777062641.1038494,
  "CLAUDE.md": 1777062641.1049025,
  "README.md": 1777225935.6445882,
  "docs\\superpowers\\specs\\2026-04-25-ui-standardization-pilot-customers-design.md": 1777103288.1383233,
  "public\\file.svg": 1777062544.1525319,
  "public\\globe.svg": 1777062544.1623702,
  "public\\next.svg": 1777062544.164527,
  "public\\vercel.svg": 1777062544.175768,
  "public\\window.svg": 1777062544.1841753
}